{"text": " I have a fever and sore throat that started yesterday.", "segments": [{"id": 0, "seek": 0, "start": 0.0, "end": 3.12, "text": " I have a fever and sore throat that started yesterday.", "tokens": [50364, 286, 362, 257, 18277, 293, 22468, 12394, 300, 1409, 5186, 13, 50520], "temperature": 0.0, "avg_logprob": -0.29057356289454866, "compression_ratio": 0.9473684210526315, "no_speech_prob": 0.010345573537051678}], "language": "en"}